"title","link","description","pub_date"
"Tesla Cuts Model Y Output in China – Economic Slowdown and Anticipated Project Juniper Launch - Not a Tesla App","https://news.google.com/rss/articles/CBMiggFodHRwczovL3d3dy5ub3RhdGVzbGFhcHAuY29tL25ld3MvMjA0NC90ZXNsYS1jdXRzLW1vZGVsLXktb3V0cHV0LWluLWNoaW5hLWVjb25vbWljLXNsb3dkb3duLWFuZC1hbnRpY2lwYXRlZC1wcm9qZWN0LWp1bmlwZXItbGF1bmNo0gEA?oc=5","Tesla Cuts Model Y Output in China – Economic Slowdown and Anticipated Project Juniper Launch  Not a Tesla App","Wed, 29 May 2024 15:08:00 GMT"
"I just swapped a Tesla Model 3 for a Model Y and Elon Musk's brutal layoffs ruined the experience - Electrek","https://news.google.com/rss/articles/CBMiR2h0dHBzOi8vZWxlY3RyZWsuY28vMjAyNC8wNS8yNy90ZXNsYS1tb2RlbC0zLW1vZGVsLXktZWxvbi1tdXNrLWxheW9mZnMv0gEA?oc=5","I just swapped a Tesla Model 3 for a Model Y and Elon Musk's brutal layoffs ruined the experience  Electrek","Mon, 27 May 2024 23:18:00 GMT"
"Nio's ONVO Wants To Bury Tesla's Model Y With the Brand-New L60 - autoevolution","https://news.google.com/rss/articles/CBMibmh0dHBzOi8vd3d3LmF1dG9ldm9sdXRpb24uY29tL25ld3MvbmlvLXMtb252by13YW50cy10by1idXJ5LXRlc2xhLXMtbW9kZWwteS13aXRoLXRoZS1icmFuZC1uZXctbDYwLTIzNDY0My5odG1s0gEA?oc=5","Nio's ONVO Wants To Bury Tesla's Model Y With the Brand-New L60  autoevolution","Wed, 29 May 2024 21:38:41 GMT"
"New Cadillac Optiq Costs More Than Tesla Model Y Performance, Might Be DOA-IQ - CarScoops","https://news.google.com/rss/articles/CBMia2h0dHBzOi8vd3d3LmNhcnNjb29wcy5jb20vMjAyNC8wNS9jYWRpbGxhYy1vcHRpcS1jb3N0cy1tb3JlLXRoYW4tdGVzbGEtbW9kZWwteS1wZXJmb3JtYW5jZS1taWdodC1iZS1kb2EtaXEv0gEA?oc=5","New Cadillac Optiq Costs More Than Tesla Model Y Performance, Might Be DOA-IQ  CarScoops","Wed, 29 May 2024 19:02:16 GMT"
"Kia EV3 vs Tesla Model Y: Can Kia’s new entry-level car take on Tesla? - Digital Trends","https://news.google.com/rss/articles/CBMiZ2h0dHBzOi8vd3d3LmRpZ2l0YWx0cmVuZHMuY29tL2NhcnMva2lhLWV2My12cy10ZXNsYS1tb2RlbC15LWNhbi1raWFzLW5ldy1lbnRyeS1sZXZlbC1jYXItdGFrZS1vbi10ZXNsYS_SAWtodHRwczovL3d3dy5kaWdpdGFsdHJlbmRzLmNvbS9jYXJzL2tpYS1ldjMtdnMtdGVzbGEtbW9kZWwteS1jYW4ta2lhcy1uZXctZW50cnktbGV2ZWwtY2FyLXRha2Utb24tdGVzbGEvP2FtcA?oc=5","Kia EV3 vs Tesla Model Y: Can Kia’s new entry-level car take on Tesla?  Digital Trends","Tue, 28 May 2024 18:00:14 GMT"
"Tesla software limits Model 3 and Model Y power and acceleration to price them cheaper - Notebookcheck.net","https://news.google.com/rss/articles/CBMiggFodHRwczovL3d3dy5ub3RlYm9va2NoZWNrLm5ldC9UZXNsYS1zb2Z0d2FyZS1saW1pdHMtTW9kZWwtMy1hbmQtTW9kZWwtWS1wb3dlci1hbmQtYWNjZWxlcmF0aW9uLXRvLXByaWNlLXRoZW0tY2hlYXBlci44NDE3ODguMC5odG1s0gEA?oc=5","Tesla software limits Model 3 and Model Y power and acceleration to price them cheaper  Notebookcheck.net","Tue, 28 May 2024 10:39:33 GMT"
"The Sub-$30,000 Chevy Equinox EV Is America's Most Important Electric Car Since The Tesla Model Y - The Autopian","https://news.google.com/rss/articles/CBMie2h0dHBzOi8vd3d3LnRoZWF1dG9waWFuLmNvbS90aGUtc3ViLTMwMDAwLWNoZXZ5LWVxdWlub3gtZXYtaXMtYW1lcmljYXMtbW9zdC1pbXBvcnRhbnQtZWxlY3RyaWMtY2FyLXNpbmNlLXRoZS10ZXNsYS1tb2RlbC15L9IBAA?oc=5","The Sub-$30,000 Chevy Equinox EV Is America's Most Important Electric Car Since The Tesla Model Y  The Autopian","Wed, 29 May 2024 18:52:42 GMT"
"I just drove 100 miles in the Ford Mach-E GT — Tesla Model Y has some serious competition - Tom's Guide","https://news.google.com/rss/articles/CBMiggFodHRwczovL3d3dy50b21zZ3VpZGUuY29tL3ZlaGljbGUtdGVjaC9ldnMvaS1qdXN0LWRyb3ZlLTEwMC1taWxlcy1pbi10aGUtZm9yZC1tYWNoLWUtZ3QtdGVzbGEtbW9kZWwteS1oYXMtc29tZS1zZXJpb3VzLWNvbXBldGl0aW9u0gEA?oc=5","I just drove 100 miles in the Ford Mach-E GT — Tesla Model Y has some serious competition  Tom's Guide","Wed, 29 May 2024 08:30:57 GMT"
"5 Million US Solar Installations, Low Tesla Model Y Interest Rates, New Electric Cars — Top Cleantech News - CleanTechnica","https://news.google.com/rss/articles/CBMijAFodHRwczovL2NsZWFudGVjaG5pY2EuY29tLzIwMjQvMDUvMjgvNS1taWxsaW9uLXVzLXNvbGFyLWluc3RhbGxhdGlvbnMtbG93LXRlc2xhLW1vZGVsLXktaW50ZXJlc3QtcmF0ZXMtbmV3LWVsZWN0cmljLWNhcnMtdG9wLWNsZWFudGVjaC1uZXdzL9IBkAFodHRwczovL2NsZWFudGVjaG5pY2EuY29tLzIwMjQvMDUvMjgvNS1taWxsaW9uLXVzLXNvbGFyLWluc3RhbGxhdGlvbnMtbG93LXRlc2xhLW1vZGVsLXktaW50ZXJlc3QtcmF0ZXMtbmV3LWVsZWN0cmljLWNhcnMtdG9wLWNsZWFudGVjaC1uZXdzL2FtcC8?oc=5","5 Million US Solar Installations, Low Tesla Model Y Interest Rates, New Electric Cars — Top Cleantech News  CleanTechnica","Wed, 29 May 2024 04:07:24 GMT"
"Tesla cuts Model Y output in China - electrive.com - www.electrive.com","https://news.google.com/rss/articles/CBMiRWh0dHBzOi8vd3d3LmVsZWN0cml2ZS5jb20vMjAyNC8wNS8yNy90ZXNsYS1jdXRzLW1vZGVsLXktb3V0cHV0LWNoaW5hL9IBAA?oc=5","Tesla cuts Model Y output in China - electrive.com  www.electrive.com","Mon, 27 May 2024 07:31:27 GMT"
"Tesla Model Y: Our 40,000-Mile Test Comes to an End - Edmunds.com","https://news.google.com/rss/articles/CBMiTGh0dHBzOi8vd3d3LmVkbXVuZHMuY29tL2Nhci1uZXdzL3Rlc2xhLW1vZGVsLXktd3JhcC11cC1sb25nLXRlcm0tdXBkYXRlLmh0bWzSAQA?oc=5","Tesla Model Y: Our 40,000-Mile Test Comes to an End  Edmunds.com","Thu, 30 May 2024 13:00:21 GMT"
"2024 Audi Q4 Sportback e-tron vs. 2024 Tesla Model Y Comparison - Kelley Blue Book ","https://news.google.com/rss/articles/CBMiSWh0dHBzOi8vd3d3LmtiYi5jb20vY29tcGFyaXNvbi9hdWRpLXE0LXNwb3J0YmFjay1lLXRyb24tdnMtdGVzbGEtbW9kZWwteS_SAQA?oc=5","2024 Audi Q4 Sportback e-tron vs. 2024 Tesla Model Y Comparison  Kelley Blue Book ","Thu, 30 May 2024 16:18:14 GMT"
"Rendering: All-New 2025 Tesla Model Y Comes Whacky With Curious DNA, Albeit Only in CGI - autoevolution","https://news.google.com/rss/articles/CBMihAFodHRwczovL3d3dy5hdXRvZXZvbHV0aW9uLmNvbS9uZXdzL3JlbmRlcmluZy1hbGwtbmV3LTIwMjUtdGVzbGEtbW9kZWwteS1jb21lcy13aGFja3ktd2l0aC1jdXJpb3VzLWRuYS1hbGJlaXQtb25seS1pbi1jZ2ktMjM0NDc1Lmh0bWzSAQA?oc=5","Rendering: All-New 2025 Tesla Model Y Comes Whacky With Curious DNA, Albeit Only in CGI  autoevolution","Mon, 27 May 2024 07:51:26 GMT"
"Tesla Reportedly Cuts Output of Best-Selling Model Y in Shanghai - Investopedia","https://news.google.com/rss/articles/CBMiR2h0dHBzOi8vd3d3LmludmVzdG9wZWRpYS5jb20vdGVzbGEtY3V0cy1vdXRwdXQtbW9kZWwteS1zaGFuZ2hhaS04NjUzNTM10gEA?oc=5","Tesla Reportedly Cuts Output of Best-Selling Model Y in Shanghai  Investopedia","Fri, 24 May 2024 17:45:09 GMT"
"Tesla to launch new Performance mode for Model 3 and Y - TESLARATI","https://news.google.com/rss/articles/CBMiO2h0dHBzOi8vd3d3LnRlc2xhcmF0aS5jb20vdGVzbGEtcGVyZm9ybWFuY2UtbW9kZS1tb2RlbC0zLXkv0gE_aHR0cHM6Ly93d3cudGVzbGFyYXRpLmNvbS90ZXNsYS1wZXJmb3JtYW5jZS1tb2RlLW1vZGVsLTMteS9hbXAv?oc=5","Tesla to launch new Performance mode for Model 3 and Y  TESLARATI","Sun, 26 May 2024 23:26:15 GMT"
"2024 Tesla Model Y Review, Pricing, & Pictures | U.S. News - U.S. News & World Report","https://news.google.com/rss/articles/CBMiMWh0dHBzOi8vY2Fycy51c25ld3MuY29tL2NhcnMtdHJ1Y2tzL3Rlc2xhL21vZGVsLXnSAQA?oc=5","2024 Tesla Model Y Review, Pricing, & Pictures | U.S. News  U.S. News & World Report","Fri, 24 May 2024 07:00:00 GMT"
"Payne: Behind the wheel of Chevy's Tesla fighter, the Equinox EV - Detroit News","https://news.google.com/rss/articles/CBMihgFodHRwczovL3d3dy5kZXRyb2l0bmV3cy5jb20vc3RvcnkvYnVzaW5lc3MvYXV0b3MvMjAyNC8wNS8zMC9wYXluZS1iZWhpbmQtdGhlLXdoZWVsLW9mLWNoZXZ5cy10ZXNsYS1maWdodGVyLXRoZS1lcXVpbm94LWV2LzczODg3ODQ4MDA3L9IBAA?oc=5","Payne: Behind the wheel of Chevy's Tesla fighter, the Equinox EV  Detroit News","Thu, 30 May 2024 16:06:59 GMT"
"Tesla cuts Model Y production in China as brutal price war hits demand: report - MarketWatch","https://news.google.com/rss/articles/CBMie2h0dHBzOi8vd3d3Lm1hcmtldHdhdGNoLmNvbS9zdG9yeS90ZXNsYS1jdXRzLXByb2R1Y3Rpb24tb2YtbW9kZWwteS1pbi1jaGluYS1hcy1icnV0YWwtcHJpY2Utd2FyLWhpdHMtZGVtYW5kLXJlcG9ydC1mYjExYmRlOdIBf2h0dHBzOi8vd3d3Lm1hcmtldHdhdGNoLmNvbS9hbXAvc3RvcnkvdGVzbGEtY3V0cy1wcm9kdWN0aW9uLW9mLW1vZGVsLXktaW4tY2hpbmEtYXMtYnJ1dGFsLXByaWNlLXdhci1oaXRzLWRlbWFuZC1yZXBvcnQtZmIxMWJkZTk?oc=5","Tesla cuts Model Y production in China as brutal price war hits demand: report  MarketWatch","Fri, 24 May 2024 08:32:00 GMT"
"Used Tesla Model Y Demand Surges As Price Drops - Forbes","https://news.google.com/rss/articles/CBMiZ2h0dHBzOi8vd3d3LmZvcmJlcy5jb20vc2l0ZXMvYnJvb2tlY3JvdGhlcnMvMjAyNC8wNS8xOS91c2VkLXRlc2xhLW1vZGVsLXktZGVtYW5kLXN1cmdlcy1hcy1wcmljZS1kcm9wcy_SAQA?oc=5","Used Tesla Model Y Demand Surges As Price Drops  Forbes","Sun, 19 May 2024 07:00:00 GMT"
"Look at the exploded view of Tesla Model Y on display at the Mall of America - Tesla Oracle - Elon Musk, Tesla, SpaceX News","https://news.google.com/rss/articles/CBMiaGh0dHBzOi8vd3d3LnRlc2xhb3JhY2xlLmNvbS8yMDI0LzA1LzI3L3Rlc2xhLXB1dHMtYW4tZXhwbG9kZWQtbW9kZWwteS1vbi1kaXNwbGF5LWF0LXRoZS1tYWxsLW9mLWFtZXJpY2Ev0gEA?oc=5","Look at the exploded view of Tesla Model Y on display at the Mall of America  Tesla Oracle - Elon Musk, Tesla, SpaceX News","Mon, 27 May 2024 20:03:32 GMT"
"Tesla Slashes Model Y Production Amid Shrinking Market Share In China - CarScoops","https://news.google.com/rss/articles/CBMiXGh0dHBzOi8vd3d3LmNhcnNjb29wcy5jb20vMjAyNC8wNS90ZXNsYS1oYXMtc2xhc2hlZC1tb2RlbC15LXByb2R1Y3Rpb24tYXQtaXRzLWNoaW5lc2UtcGxhbnQv0gEA?oc=5","Tesla Slashes Model Y Production Amid Shrinking Market Share In China  CarScoops","Tue, 28 May 2024 15:58:58 GMT"
"Chevrolet Equinox EV vs. Tesla Model Y - CarsDirect","https://news.google.com/rss/articles/CBMiTGh0dHBzOi8vd3d3LmNhcnNkaXJlY3QuY29tL2NvbXBhcmUvc3V2L2NoZXZyb2xldC1lcXVpbm94LWV2LXZzLXRlc2xhLW1vZGVsLXnSAQA?oc=5","Chevrolet Equinox EV vs. Tesla Model Y  CarsDirect","Wed, 29 May 2024 01:07:58 GMT"
"Tesla Firmware Hints at Software-Capped Model 3 and Model Y Variants - autoevolution","https://news.google.com/rss/articles/CBMic2h0dHBzOi8vd3d3LmF1dG9ldm9sdXRpb24uY29tL25ld3MvdGVzbGEtZmlybXdhcmUtaGludHMtYXQtc29mdHdhcmUtY2FwcGVkLW1vZGVsLTMtYW5kLW1vZGVsLXktdmFyaWFudHMtMjM0NTE3Lmh0bWzSAQA?oc=5","Tesla Firmware Hints at Software-Capped Model 3 and Model Y Variants  autoevolution","Mon, 27 May 2024 17:00:33 GMT"
"Avatr 07 Revealed As Yet Another Chinese EV Looking To Shock Tesla Model Y - CarScoops","https://news.google.com/rss/articles/CBMid2h0dHBzOi8vd3d3LmNhcnNjb29wcy5jb20vMjAyNC8wNS9hdmF0ci0wNy1lbWVyZ2VzLWFzLWxhdGVzdC1ldi1hbmQtZXJldi1tb2RlbC15LXJpdmFsLWZyb20tY2hhbmdhbi1jYXRsLWpvaW50LXZlbnR1cmUv0gEA?oc=5","Avatr 07 Revealed As Yet Another Chinese EV Looking To Shock Tesla Model Y  CarScoops","Wed, 29 May 2024 00:11:15 GMT"
"Tesla’s 0.99% APR Financing For Tesla Model Y Stirring Up Consumer Demand (+ Chevy Equinox EV Potential & Hot Volvo EX30) - CleanTechnica","https://news.google.com/rss/articles/CBMibWh0dHBzOi8vY2xlYW50ZWNobmljYS5jb20vMjAyNC8wNS8yMC90ZXNsYXMtMC05OS1hcHItZmluYW5jaW5nLWZvci10ZXNsYS1tb2RlbC15LXN0aXJyaW5nLXVwLWNvbnN1bWVyLWRlbWFuZC_SAXFodHRwczovL2NsZWFudGVjaG5pY2EuY29tLzIwMjQvMDUvMjAvdGVzbGFzLTAtOTktYXByLWZpbmFuY2luZy1mb3ItdGVzbGEtbW9kZWwteS1zdGlycmluZy11cC1jb25zdW1lci1kZW1hbmQvYW1wLw?oc=5","Tesla’s 0.99% APR Financing For Tesla Model Y Stirring Up Consumer Demand (+ Chevy Equinox EV Potential & Hot Volvo EX30)  CleanTechnica","Mon, 20 May 2024 07:00:00 GMT"
"New Longer-Range Tesla Model Y Keeps Competitive Price And Lease - Forbes","https://news.google.com/rss/articles/CBMicGh0dHBzOi8vd3d3LmZvcmJlcy5jb20vc2l0ZXMvYnJvb2tlY3JvdGhlcnMvMjAyNC8wNS8wNS9sb25nZXItcmFuZ2UtdGVzbGEtbW9kZWwteS1rZWVwcy1jb21wZXRpdGl2ZS1wcmljZS1sZWFzZS_SAQA?oc=5","New Longer-Range Tesla Model Y Keeps Competitive Price And Lease  Forbes","Sun, 05 May 2024 07:00:00 GMT"
"Jeep compares electric Wagoneer S to Tesla's Model Y in new teaser video - Electrek.co","https://news.google.com/rss/articles/CBMiWWh0dHBzOi8vZWxlY3RyZWsuY28vMjAyNC8wNS8yMi9qZWVwLWNvbXBhcmVzLWVsZWN0cmljLXdhZ29uZWVyLXMtdGVzbGEtbW9kZWwteS1uZXctdmlkZW8v0gEA?oc=5","Jeep compares electric Wagoneer S to Tesla's Model Y in new teaser video  Electrek.co","Wed, 22 May 2024 15:39:00 GMT"
"Tesla Slowed Down Model Y Production, What's Happening to the World's Best-Selling Car? - autoevolution","https://news.google.com/rss/articles/CBMihAFodHRwczovL3d3dy5hdXRvZXZvbHV0aW9uLmNvbS9uZXdzL3Rlc2xhLXNsb3dlZC1kb3duLW1vZGVsLXktcHJvZHVjdGlvbi13aGF0LXMtaGFwcGVuaW5nLXRvLXRoZS13b3JsZC1zLWJlc3Qtc2VsbGluZy1jYXItMjM0NDIzLmh0bWzSAQA?oc=5","Tesla Slowed Down Model Y Production, What's Happening to the World's Best-Selling Car?  autoevolution","Sat, 25 May 2024 21:04:07 GMT"
"Tesla Model Y Performance stands against Jeep Wagoneer S EV in new ad - TESLARATI","https://news.google.com/rss/articles/CBMiUGh0dHBzOi8vd3d3LnRlc2xhcmF0aS5jb20vdGVzbGEtbW9kZWwteS1wZXJmb3JtYW5jZS12cy1qZWVwLXdhZ29uZWVyLXMtZXYtdmlkZW8v0gFUaHR0cHM6Ly93d3cudGVzbGFyYXRpLmNvbS90ZXNsYS1tb2RlbC15LXBlcmZvcm1hbmNlLXZzLWplZXAtd2Fnb25lZXItcy1ldi12aWRlby9hbXAv?oc=5","Tesla Model Y Performance stands against Jeep Wagoneer S EV in new ad  TESLARATI","Mon, 27 May 2024 03:35:16 GMT"
"Tesla China planned to cut Model Y production by at least 20% in March-June: Reuters - TESLARATI","https://news.google.com/rss/articles/CBMiX2h0dHBzOi8vd3d3LnRlc2xhcmF0aS5jb20vdGVzbGEtY2hpbmEtcGxhbm5lZC1jdXQtbW9kZWwteS1vdXRwdXQtMjAtcGVyY2VudC1tYXJjaC1qdW5lLXJldXRlcnMv0gFjaHR0cHM6Ly93d3cudGVzbGFyYXRpLmNvbS90ZXNsYS1jaGluYS1wbGFubmVkLWN1dC1tb2RlbC15LW91dHB1dC0yMC1wZXJjZW50LW1hcmNoLWp1bmUtcmV1dGVycy9hbXAv?oc=5","Tesla China planned to cut Model Y production by at least 20% in March-June: Reuters  TESLARATI","Fri, 24 May 2024 12:44:18 GMT"
"Kia's New EV3 Electric SUV Takes Aim at the Tesla Model 3 - Road & Track","https://news.google.com/rss/articles/CBMiTGh0dHBzOi8vd3d3LnJvYWRhbmR0cmFjay5jb20vbmV3cy9hNjA4ODMxNTkva2lhLWV2My1hZmZvcmRhYmxlLWVsZWN0cmljLXN1di_SAQA?oc=5","Kia's New EV3 Electric SUV Takes Aim at the Tesla Model 3  Road & Track","Thu, 23 May 2024 15:29:00 GMT"
"NIO undercuts Tesla Model Y with new $30,000 Onvo brand EV - Electrek.co","https://news.google.com/rss/articles/CBMiU2h0dHBzOi8vZWxlY3RyZWsuY28vMjAyNC8wNS8xNS9uaW8tdW5kZXJjdXRzLXRlc2xhLW1vZGVsLXktbmV3LTMwMDAwLW9udm8tYnJhbmQtZXYv0gEA?oc=5","NIO undercuts Tesla Model Y with new $30,000 Onvo brand EV  Electrek.co","Wed, 15 May 2024 07:00:00 GMT"
"Tesla Model X vs Tesla Model Y - Tom's Guide","https://news.google.com/rss/articles/CBMiPWh0dHBzOi8vd3d3LnRvbXNndWlkZS5jb20vbmV3cy90ZXNsYS1tb2RlbC14LXZzLXRlc2xhLW1vZGVsLXnSAQA?oc=5","Tesla Model X vs Tesla Model Y  Tom's Guide","Thu, 16 May 2024 07:00:00 GMT"
"Chinese electric car maker Nio unveils rival to Tesla's Model Y - BBC.com","https://news.google.com/rss/articles/CBMiLmh0dHBzOi8vd3d3LmJiYy5jb20vbmV3cy9hcnRpY2xlcy9ja3I1cm1nMGQ1OG_SATJodHRwczovL3d3dy5iYmMuY29tL25ld3MvYXJ0aWNsZXMvY2tyNXJtZzBkNThvLmFtcA?oc=5","Chinese electric car maker Nio unveils rival to Tesla's Model Y  BBC.com","Wed, 15 May 2024 07:00:00 GMT"
"Here's How Much A 1-Year-Old Tesla Model Y Costs - TopSpeed","https://news.google.com/rss/articles/CBMiQWh0dHBzOi8vd3d3LnRvcHNwZWVkLmNvbS9ob3ctbXVjaC0xLXllYXItb2xkLXRlc2xhLW1vZGVsLXktY29zdHMv0gEA?oc=5","Here's How Much A 1-Year-Old Tesla Model Y Costs  TopSpeed","Sat, 25 May 2024 12:00:00 GMT"
"Are the Tesla Model Y's Third-Row Seats Worth It? - MotorTrend","https://news.google.com/rss/articles/CBMiZGh0dHBzOi8vd3d3Lm1vdG9ydHJlbmQuY29tL3Jldmlld3MvMjAyNC10ZXNsYS1tb2RlbC15LWxvbmctcmFuZ2UteWVhcmxvbmctcmV2aWV3LXVwZGF0ZS00LXRoaXJkLXJvdy_SAQA?oc=5","Are the Tesla Model Y's Third-Row Seats Worth It?  MotorTrend","Mon, 06 May 2024 07:00:00 GMT"
"This was the best-selling car in California in 2023 — and it’s not even close - KRON4","https://news.google.com/rss/articles/CBMicWh0dHBzOi8vd3d3Lmtyb240LmNvbS9uZXdzL2NhbGlmb3JuaWEvdGhpcy13YXMtdGhlLWJlc3Qtc2VsbGluZy1jYXItaW4tY2FsaWZvcm5pYS1pbi0yMDIzLWFuZC1pdHMtbm90LWV2ZW4tY2xvc2Uv0gF1aHR0cHM6Ly93d3cua3JvbjQuY29tL25ld3MvY2FsaWZvcm5pYS90aGlzLXdhcy10aGUtYmVzdC1zZWxsaW5nLWNhci1pbi1jYWxpZm9ybmlhLWluLTIwMjMtYW5kLWl0cy1ub3QtZXZlbi1jbG9zZS9hbXAv?oc=5","This was the best-selling car in California in 2023 — and it’s not even close  KRON4","Thu, 02 May 2024 07:00:00 GMT"
"Hard Lesson As Used Electric Vehicle Prices Crash: Tesla Model Y, Model 3 And Chevy Bolt At CarMax - Forbes","https://news.google.com/rss/articles/CBMimAFodHRwczovL3d3dy5mb3JiZXMuY29tL3NpdGVzL2Jyb29rZWNyb3RoZXJzLzIwMjQvMDIvMDQvaGFyZC1sZXNzb24tYXMtdXNlZC1lbGVjdHJpYy12ZWhpY2xlLXByaWNlcy1jcmFzaC10ZXNsYS1tb2RlbC15LW1vZGVsLTMtYW5kLWNoZXZ5LWJvbHQtYXQtY2FybWF4L9IBAA?oc=5","Hard Lesson As Used Electric Vehicle Prices Crash: Tesla Model Y, Model 3 And Chevy Bolt At CarMax  Forbes","Sun, 04 Feb 2024 08:00:00 GMT"
"Tesla Model Y Cheaper Than Ever in USA - CleanTechnica","https://news.google.com/rss/articles/CBMiTGh0dHBzOi8vY2xlYW50ZWNobmljYS5jb20vMjAyNC8wNC8yMC90ZXNsYS1tb2RlbC15LWNoZWFwZXItdGhhbi1ldmVyLWluLXVzYS_SAVBodHRwczovL2NsZWFudGVjaG5pY2EuY29tLzIwMjQvMDQvMjAvdGVzbGEtbW9kZWwteS1jaGVhcGVyLXRoYW4tZXZlci1pbi11c2EvYW1wLw?oc=5","Tesla Model Y Cheaper Than Ever in USA  CleanTechnica","Sat, 20 Apr 2024 07:00:00 GMT"
"Tesla Model 3 vs Tesla Model Y: What's the difference? - Tom's Guide","https://news.google.com/rss/articles/CBMiUmh0dHBzOi8vd3d3LnRvbXNndWlkZS5jb20vbmV3cy90ZXNsYS1tb2RlbC0zLXZzLXRlc2xhLW1vZGVsLXktd2hhdHMtdGhlLWRpZmZlcmVuY2XSAQA?oc=5","Tesla Model 3 vs Tesla Model Y: What's the difference?  Tom's Guide","Thu, 16 May 2024 07:00:00 GMT"
"What a Week Commuting in a Tesla Model Y Looks Like - Cars.com","https://news.google.com/rss/articles/CBMiWWh0dHBzOi8vd3d3LmNhcnMuY29tL2FydGljbGVzL3doYXQtYS13ZWVrLWNvbW11dGluZy1pbi1hLXRlc2xhLW1vZGVsLXktbG9va3MtbGlrZS00ODE2OTgv0gFdaHR0cHM6Ly93d3cuY2Fycy5jb20vYW1wL2FydGljbGVzL3doYXQtYS13ZWVrLWNvbW11dGluZy1pbi1hLXRlc2xhLW1vZGVsLXktbG9va3MtbGlrZS00ODE2OTgv?oc=5","What a Week Commuting in a Tesla Model Y Looks Like  Cars.com","Thu, 25 Apr 2024 07:00:00 GMT"
"Tesla cuts Model Y production in China as EV demand slows - Quartz","https://news.google.com/rss/articles/CBMiT2h0dHBzOi8vcXouY29tL3Rlc2xhLXByb2R1Y3Rpb24tY3V0cy1ldnMtbW9kZWwteS1jaGluYS1iaWRlbi10YXJpZmZzLTE4NTE0OTg3MjjSAQA?oc=5","Tesla cuts Model Y production in China as EV demand slows  Quartz","Tue, 28 May 2024 14:43:00 GMT"
"Tesla Slashes Production Of Model Y In China - AutoSpies Auto News - AutoSpies.com","https://news.google.com/rss/articles/CBMiPWh0dHBzOi8vd3d3LmF1dG9zcGllcy5jb20vbmV3cy9pbmRleC5hc3B4P3N1Ym1pc3Npb25pZD0xMjE1MDXSAQA?oc=5","Tesla Slashes Production Of Model Y In China - AutoSpies Auto News  AutoSpies.com","Tue, 28 May 2024 17:12:50 GMT"
"Here is a possible rendering of the Tesla Model Y Juniper - Tesla Magazine","https://news.google.com/rss/articles/CBMiV2h0dHBzOi8vd3d3LnRlc2xhLW1hZy5jb20vZW4vaGVyZS1pcy1hLXBvc3NpYmxlLXJlbmRlcmluZy1vZi10aGUtdGVzbGEtbW9kZWwteS1qdW5pcGVyL9IBAA?oc=5","Here is a possible rendering of the Tesla Model Y Juniper  Tesla Magazine","Wed, 22 May 2024 07:00:00 GMT"
"Tesla Model S and Model X get the new Lunar Silver paint option (pics, prices) - Tesla Oracle - Elon Musk, Tesla, SpaceX News","https://news.google.com/rss/articles/CBMiZ2h0dHBzOi8vd3d3LnRlc2xhb3JhY2xlLmNvbS8yMDI0LzA1LzI1L3Rlc2xhLW1vZGVsLXMtYW5kLW1vZGVsLXgtZ2V0LXRoZS1uZXctbHVuYXItc2lsdmVyLXBhaW50LW9wdGlvbi_SAQA?oc=5","Tesla Model S and Model X get the new Lunar Silver paint option (pics, prices)  Tesla Oracle - Elon Musk, Tesla, SpaceX News","Sat, 25 May 2024 15:48:01 GMT"
"2023 Tesla Model Y - Review - CarBuzz","https://news.google.com/rss/articles/CBMiJ2h0dHBzOi8vY2FyYnV6ei5jb20vY2Fycy90ZXNsYS9tb2RlbC15L9IBAA?oc=5","2023 Tesla Model Y - Review  CarBuzz","Thu, 14 Mar 2024 22:40:31 GMT"
"Tesla reportedly cuts Model Y production at Shanghai plant - Yahoo Finance","https://news.google.com/rss/articles/CBMiTGh0dHBzOi8vZmluYW5jZS55YWhvby5jb20vdmlkZW8vdGVzbGEtcmVwb3J0ZWRseS1jdXRzLW1vZGVsLXktMTMzOTAxNTgwLmh0bWzSAQA?oc=5","Tesla reportedly cuts Model Y production at Shanghai plant  Yahoo Finance","Fri, 24 May 2024 13:39:01 GMT"
"The Tesla Model Y is at its lowest price yet — but should you buy one? - Digital Trends","https://news.google.com/rss/articles/CBMiZ2h0dHBzOi8vd3d3LmRpZ2l0YWx0cmVuZHMuY29tL2NhcnMvdGhlLXRlc2xhLW1vZGVsLXktaXMtYXQtaXRzLWxvd2VzdC1wcmljZS15ZXQtYnV0LXNob3VsZC15b3UtYnV5LW9uZS_SAWtodHRwczovL3d3dy5kaWdpdGFsdHJlbmRzLmNvbS9jYXJzL3RoZS10ZXNsYS1tb2RlbC15LWlzLWF0LWl0cy1sb3dlc3QtcHJpY2UteWV0LWJ1dC1zaG91bGQteW91LWJ1eS1vbmUvP2FtcA?oc=5","The Tesla Model Y is at its lowest price yet — but should you buy one?  Digital Trends","Fri, 26 Apr 2024 07:00:00 GMT"
"2024 Jeep Wagoneer S EV: Tesla Model Y rival set for May 30 reveal - Green Car Reports","https://news.google.com/rss/articles/CBMiX2h0dHBzOi8vd3d3LmdyZWVuY2FycmVwb3J0cy5jb20vbmV3cy8xMTQzMjU3XzIwMjQtamVlcC13YWdvbmVlci1zLWV2LXRlc2xhLW1vZGVsLXktcml2YWwtdGVhc2Vy0gEA?oc=5","2024 Jeep Wagoneer S EV: Tesla Model Y rival set for May 30 reveal  Green Car Reports","Thu, 23 May 2024 14:00:00 GMT"
"As World Waits For Word On Model 2, Tesla Cuts Model Y Price (Again) - Forbes","https://news.google.com/rss/articles/CBMiemh0dHBzOi8vd3d3LmZvcmJlcy5jb20vc2l0ZXMvYnJvb2tlY3JvdGhlcnMvMjAyNC8wNC8yMS90ZXNsYS1jdXRzLW1vZGVsLXktcHJpY2VzLWFnYWluLWFzLXdvcmxkLXdhaXRzLWZvci13b3JkLW9uLW1vZGVsLTIv0gEA?oc=5","As World Waits For Word On Model 2, Tesla Cuts Model Y Price (Again)  Forbes","Sun, 21 Apr 2024 07:00:00 GMT"
"Why Tesla Dominates: Model Y Plus The Plug - Forbes","https://news.google.com/rss/articles/CBMiZGh0dHBzOi8vd3d3LmZvcmJlcy5jb20vc2l0ZXMvYnJvb2tlY3JvdGhlcnMvMjAyMy8xMS8yNi93aHktdGVzbGEtZG9taW5hdGVzLS0tbW9kZWwtLXktcGx1cy10aGUtcGx1Zy_SAQA?oc=5","Why Tesla Dominates: Model Y Plus The Plug  Forbes","Sun, 26 Nov 2023 08:00:00 GMT"
"2025 Tesla Model Y Prices, Reviews, and Pictures - Edmunds.com","https://news.google.com/rss/articles/CBMiK2h0dHBzOi8vd3d3LmVkbXVuZHMuY29tL3Rlc2xhL21vZGVsLXkvMjAyNS_SAQA?oc=5","2025 Tesla Model Y Prices, Reviews, and Pictures  Edmunds.com","Mon, 22 Apr 2024 20:14:53 GMT"
"Tesla Model Y And Model 3 Price Cuts Continue As Owners Feel The Pain - Forbes","https://news.google.com/rss/articles/CBMib2h0dHBzOi8vd3d3LmZvcmJlcy5jb20vc2l0ZXMvYnJvb2tlY3JvdGhlcnMvMjAyNC8wNC8wNy90ZXNsYS1tb2RlbC15LW1vZGVsLTMtcHJpY2UtY3V0cy1jb250aW51ZS1mZWVsLXRoZS1wYWluL9IBAA?oc=5","Tesla Model Y And Model 3 Price Cuts Continue As Owners Feel The Pain  Forbes","Mon, 08 Apr 2024 07:00:00 GMT"
"Tesla's 'full self-driving' remains unfinished. I found out firsthand - USA TODAY","https://news.google.com/rss/articles/CBMiZmh0dHBzOi8vd3d3LnVzYXRvZGF5LmNvbS9zdG9yeS9ncmFwaGljcy8yMDI0LzA1LzAyL3Rlc2xhLWZ1bGwtc2VsZi1kcml2aW5nLW1vZGVsLXktcmV2aWV3LzczMTY4NTQ2MDA3L9IBAA?oc=5","Tesla's 'full self-driving' remains unfinished. I found out firsthand  USA TODAY","Thu, 02 May 2024 07:00:00 GMT"
"Tesla cuts Model Y production in Shanghai: Reuters - Investing.com","https://news.google.com/rss/articles/CBMicGh0dHBzOi8vd3d3LmludmVzdGluZy5jb20vbmV3cy9zdG9jay1tYXJrZXQtbmV3cy90ZXNsYS1jdXRzLW1vZGVsLXktcHJvZHVjdGlvbi1pbi1zaGFuZ2hhaS1yZXV0ZXJzLTQzMlNJLTM0NTYzMTHSAQA?oc=5","Tesla cuts Model Y production in Shanghai: Reuters  Investing.com","Fri, 24 May 2024 13:56:34 GMT"
"Tesla price cut: Model Y undercuts Model 3 by $5,000 with tax credit - Green Car Reports","https://news.google.com/rss/articles/CBMiYWh0dHBzOi8vd3d3LmdyZWVuY2FycmVwb3J0cy5jb20vbmV3cy8xMTQyOTUwX3Rlc2xhLXByaWNlLWN1dC1tb2RlbC15LXVuZGVyY3V0cy1tb2RlbC0zLXRheC1jcmVkaXTSAQA?oc=5","Tesla price cut: Model Y undercuts Model 3 by $5,000 with tax credit  Green Car Reports","Mon, 22 Apr 2024 07:00:00 GMT"
"Tesla raises prices of Model Y cars in US by $1000 - Reuters","https://news.google.com/rss/articles/CBMibWh0dHBzOi8vd3d3LnJldXRlcnMuY29tL2J1c2luZXNzL2F1dG9zLXRyYW5zcG9ydGF0aW9uL3Rlc2xhLXJhaXNlcy1wcmljZXMtbW9kZWwteS1jYXJzLXVzLWJ5LTEwMDAtMjAyNC0wNC0wMS_SAQA?oc=5","Tesla raises prices of Model Y cars in US by $1000  Reuters","Mon, 01 Apr 2024 07:00:00 GMT"
"Tesla announces incredibly low interest rates for new cars purchased by end of May — here's how to take advantage of ... - The Cool Down","https://news.google.com/rss/articles/CBMiUWh0dHBzOi8vd3d3LnRoZWNvb2xkb3duLmNvbS9ncmVlbi1idXNpbmVzcy9tb2RlbC15LXRlc2xhLWZpbmFuY2luZy1tYXktcHJvbW90aW9uL9IBAA?oc=5","Tesla announces incredibly low interest rates for new cars purchased by end of May — here's how to take advantage of ...  The Cool Down","Sun, 19 May 2024 07:00:00 GMT"
"2024 Tesla Model Y vs. 2024 Tesla Model X Comparison - J.D. Power","https://news.google.com/rss/articles/CBMiYGh0dHBzOi8vd3d3LmpkcG93ZXIuY29tL2NhcnMvc2hvcHBpbmctZ3VpZGVzLzIwMjQtdGVzbGEtbW9kZWwteS12cy0yMDI0LXRlc2xhLW1vZGVsLXgtY29tcGFyaXNvbtIBAA?oc=5","2024 Tesla Model Y vs. 2024 Tesla Model X Comparison  J.D. Power","Wed, 01 May 2024 07:00:00 GMT"
"Tesery Expands Its Range of Tesla Accessories, Focusing on Model 3 Highland and Model Y - News Channel Nebraska","https://news.google.com/rss/articles/CBMiiwFodHRwczovL21ldHJvLm5ld3NjaGFubmVsbmVicmFza2EuY29tL3N0b3J5LzUwODQwMTQwL3Rlc2VyeS1leHBhbmRzLWl0cy1yYW5nZS1vZi10ZXNsYS1hY2Nlc3Nvcmllcy1mb2N1c2luZy1vbi1tb2RlbC0zLWhpZ2hsYW5kLWFuZC1tb2RlbC150gEA?oc=5","Tesery Expands Its Range of Tesla Accessories, Focusing on Model 3 Highland and Model Y  News Channel Nebraska","Wed, 29 May 2024 03:32:00 GMT"
"Jeep Wagoneer S Squares Off Against Tesla Model Y Performance In New Video - CarScoops","https://news.google.com/rss/articles/CBMibWh0dHBzOi8vd3d3LmNhcnNjb29wcy5jb20vMjAyNC8wNS9qZWVwLXdhZ29uZWVyLXMtc3F1YXJlcy1vZmYtYWdhaW5zdC10ZXNsYS1tb2RlbC15LXBlcmZvcm1hbmNlLWluLW5ldy12aWRlby_SAQA?oc=5","Jeep Wagoneer S Squares Off Against Tesla Model Y Performance In New Video  CarScoops","Wed, 22 May 2024 19:37:58 GMT"
"Car Ratings Car Shopping Guides 2024 Tesla Model Y vs. 2024 Ford Mustang Mach-E Comparison - J.D. Power","https://news.google.com/rss/articles/CBMiZmh0dHBzOi8vd3d3LmpkcG93ZXIuY29tL2NhcnMvc2hvcHBpbmctZ3VpZGVzLzIwMjQtdGVzbGEtbW9kZWwteS12cy0yMDI0LWZvcmQtbXVzdGFuZy1tYWNoLWUtY29tcGFyaXNvbtIBAA?oc=5","Car Ratings Car Shopping Guides 2024 Tesla Model Y vs. 2024 Ford Mustang Mach-E Comparison  J.D. Power","Fri, 19 Apr 2024 07:00:00 GMT"
"Affordable Tesla could be stripped-down versions of Model Y and 3 - electrive.com - www.electrive.com","https://news.google.com/rss/articles/CBMiZ2h0dHBzOi8vd3d3LmVsZWN0cml2ZS5jb20vMjAyNC8wNC8zMC9hZmZvcmRhYmxlLXRlc2xhLWNvdWxkLWJlLXN0cmlwcGVkLWRvd24tdmVyc2lvbnMtb2YtbW9kZWwteS1hbmQtMy_SAQA?oc=5","Affordable Tesla could be stripped-down versions of Model Y and 3 - electrive.com  www.electrive.com","Tue, 30 Apr 2024 07:00:00 GMT"
"TopGear Says Fisker Ocean is “Arguably Better Built” Than Tesla Model Y - EV","https://news.google.com/rss/articles/CBMiamh0dHBzOi8vZWxldHJpYy12ZWhpY2xlcy5jb20vZmlza2VyL3RvcGdlYXItc2F5cy1maXNrZXItb2NlYW4taXMtYXJndWFibHktYmV0dGVyLWJ1aWx0LXRoYW4tdGVzbGEtbW9kZWwteS_SAQA?oc=5","TopGear Says Fisker Ocean is “Arguably Better Built” Than Tesla Model Y  EV","Fri, 17 May 2024 07:00:00 GMT"
"Tesla slashed Model Y prices to clear its inventory backlog - Autoblog","https://news.google.com/rss/articles/CBMiYGh0dHBzOi8vd3d3LmF1dG9ibG9nLmNvbS8yMDI0LzA0LzA1L3Rlc2xhLXNsYXNoZWQtbW9kZWwteS1wcmljZXMtdG8tY2xlYXItaXRzLWludmVudG9yeS1iYWNrbG9nL9IBAA?oc=5","Tesla slashed Model Y prices to clear its inventory backlog  Autoblog","Fri, 05 Apr 2024 07:00:00 GMT"
"Tesla Model Y RWD software-locked range upgrade coming soon: Musk - TESLARATI","https://news.google.com/rss/articles/CBMiP2h0dHBzOi8vd3d3LnRlc2xhcmF0aS5jb20vdGVzbGEtbW9kZWwteS1zb2Z0d2FyZS1yYW5nZS11cGdyYWRlL9IBQ2h0dHBzOi8vd3d3LnRlc2xhcmF0aS5jb20vdGVzbGEtbW9kZWwteS1zb2Z0d2FyZS1yYW5nZS11cGdyYWRlL2FtcC8?oc=5","Tesla Model Y RWD software-locked range upgrade coming soon: Musk  TESLARATI","Sat, 04 May 2024 07:00:00 GMT"
"EVs On The Cheap: 2024 Tesla Model 3 And Model Y Versus All The Rest - Forbes","https://news.google.com/rss/articles/CBMid2h0dHBzOi8vd3d3LmZvcmJlcy5jb20vc2l0ZXMvYnJvb2tlY3JvdGhlcnMvMjAyNC8wMy8yNC9ldnMtb24tdGhlLWNoZWFwLTIwMjQtdGVzbGEtbW9kZWwtMy1tb2RlbC15LXZlcnN1cy1hbGwtdGhlLXJlc3Qv0gEA?oc=5","EVs On The Cheap: 2024 Tesla Model 3 And Model Y Versus All The Rest  Forbes","Sun, 24 Mar 2024 07:00:00 GMT"
"Tesla slashes Model Y production in Shanghai, data shows - Yahoo Finance","https://news.google.com/rss/articles/CBMiTmh0dHBzOi8vZmluYW5jZS55YWhvby5jb20vbmV3cy90ZXNsYS1zbGFzaGVzLW1vZGVsLXktcHJvZHVjdGlvbi0wNTM1MDI2MDguaHRtbNIBAA?oc=5","Tesla slashes Model Y production in Shanghai, data shows  Yahoo Finance","Fri, 24 May 2024 10:29:11 GMT"
"2024 Tesla Model Y vs. 2024 Hyundai Ioniq 5 Comparison - J.D. Power","https://news.google.com/rss/articles/CBMiYmh0dHBzOi8vd3d3LmpkcG93ZXIuY29tL2NhcnMvc2hvcHBpbmctZ3VpZGVzLzIwMjQtdGVzbGEtbW9kZWwteS12cy0yMDI0LWh5dW5kYWktaW9uaXEtNS1jb21wYXJpc29u0gEA?oc=5","2024 Tesla Model Y vs. 2024 Hyundai Ioniq 5 Comparison  J.D. Power","Tue, 30 Apr 2024 07:00:00 GMT"
"2025 Tesla Model Y: Everything we know so far about the upgraded rival to the Hyundai Ioniq 5, Kia EV5 and Toyota ... - CarsGuide","https://news.google.com/rss/articles/CBMigAFodHRwczovL3d3dy5jYXJzZ3VpZGUuY29tLmF1L2Nhci1uZXdzLzIwMjUtdGVzbGEtbW9kZWwteS1ldmVyeXRoaW5nLXdlLWtub3ctc28tZmFyLWFib3V0LXRoZS11cGdyYWRlZC1yaXZhbC10by10aGUtaHl1bmRhaS1pb25pcdIBAA?oc=5","2025 Tesla Model Y: Everything we know so far about the upgraded rival to the Hyundai Ioniq 5, Kia EV5 and Toyota ...  CarsGuide","Fri, 24 May 2024 17:09:55 GMT"
"Tesla cuts Model Y production in Shanghai by at least 20% in Mar-Jun, report says - CnEVPost","https://news.google.com/rss/articles/CBMiVmh0dHBzOi8vY25ldnBvc3QuY29tLzIwMjQvMDUvMjQvdGVzbGEtY3V0cy1tb2RlbC15LXByb2R1Y3Rpb24tc2hhbmdoYWktbWFyLWp1bi1yZXBvcnQv0gEA?oc=5","Tesla cuts Model Y production in Shanghai by at least 20% in Mar-Jun, report says  CnEVPost","Fri, 24 May 2024 10:03:00 GMT"
"Tesla makes head-turning move with new long-range Model Y launch: 'Allows you to commute all week without charging' - The Cool Down","https://news.google.com/rss/articles/CBMiT2h0dHBzOi8vd3d3LnRoZWNvb2xkb3duLmNvbS9ncmVlbi1idXNpbmVzcy90ZXNsYS1tb2RlbC15LWxvbmctcmFuZ2UtcndkLWV1cm9wZS_SAQA?oc=5","Tesla makes head-turning move with new long-range Model Y launch: 'Allows you to commute all week without charging'  The Cool Down","Thu, 25 Apr 2024 07:00:00 GMT"
"Tesla cuts prices by $2000 in US, Model Y back to its lowest price ever - Electrek.co","https://news.google.com/rss/articles/CBMiZWh0dHBzOi8vZWxlY3RyZWsuY28vMjAyNC8wNC8xOS90ZXNsYS1jdXRzLXByaWNlcy1ieS0yMDAwLWluLXVzLW1vZGVsLXktYmFjay10by1pdHMtbG93ZXN0LXByaWNlLWV2ZXIv0gEA?oc=5","Tesla cuts prices by $2000 in US, Model Y back to its lowest price ever  Electrek.co","Fri, 19 Apr 2024 07:00:00 GMT"
"Stock market, ether ETF, Tesla Model Y production: 3 Things - Yahoo Finance","https://news.google.com/rss/articles/CBMiS2h0dHBzOi8vZmluYW5jZS55YWhvby5jb20vdmlkZW8vc3RvY2stbWFya2V0LWV0aGVyLWV0Zi10ZXNsYS0xMzIzMDczODguaHRtbNIBAA?oc=5","Stock market, ether ETF, Tesla Model Y production: 3 Things  Yahoo Finance","Fri, 24 May 2024 13:23:07 GMT"
"Tesla Model Y & Model 3 Cost $10,000 Less Than Average New Car Price - CleanTechnica","https://news.google.com/rss/articles/CBMiZmh0dHBzOi8vY2xlYW50ZWNobmljYS5jb20vMjAyNC8wNC8xMi90ZXNsYS1tb2RlbC15LW1vZGVsLTMtY29zdC0xMDAwMC1sZXNzLXRoYW4tYXZlcmFnZS1uZXctY2FyLXByaWNlL9IBamh0dHBzOi8vY2xlYW50ZWNobmljYS5jb20vMjAyNC8wNC8xMi90ZXNsYS1tb2RlbC15LW1vZGVsLTMtY29zdC0xMDAwMC1sZXNzLXRoYW4tYXZlcmFnZS1uZXctY2FyLXByaWNlL2FtcC8?oc=5","Tesla Model Y & Model 3 Cost $10,000 Less Than Average New Car Price  CleanTechnica","Fri, 12 Apr 2024 07:00:00 GMT"
"Tesla's More Affordable Models Could Be Stripped-Down Versions Of Model 3 And Model Y - CarScoops","https://news.google.com/rss/articles/CBMid2h0dHBzOi8vd3d3LmNhcnNjb29wcy5jb20vMjAyNC8wNC90ZXNsYXMtbW9yZS1hZmZvcmRhYmxlLW1vZGVscy1jb3VsZC1iZS1zdHJpcHBlZC1kb3duLXZlcnNpb25zLW9mLW1vZGVsLTMtYW5kLW1vZGVsLXkv0gEA?oc=5","Tesla's More Affordable Models Could Be Stripped-Down Versions Of Model 3 And Model Y  CarScoops","Mon, 29 Apr 2024 07:00:00 GMT"
"Tesla Temporarily Cuts Certain Model Y Prices - Kiplinger's Personal Finance","https://news.google.com/rss/articles/CBMiXWh0dHBzOi8vd3d3LmtpcGxpbmdlci5jb20vcGVyc29uYWwtZmluYW5jZS9jYXJzL3Rlc2xhLXRlbXBvcmFyaWx5LWN1dHMtY2VydGFpbi1tb2RlbC15LXByaWNlc9IBAA?oc=5","Tesla Temporarily Cuts Certain Model Y Prices  Kiplinger's Personal Finance","Tue, 13 Feb 2024 08:00:00 GMT"
"New Teslas Won't Be Able to Play Steam Games - Edmunds.com","https://news.google.com/rss/articles/CBMiXmh0dHBzOi8vd3d3LmVkbXVuZHMuY29tL2Nhci1uZXdzL3N0ZWFtLXJlcG9ydGVkbHktYXhlZC1mcm9tLW5ldy10ZXNsYS1tb2RlbC14LWFuZC1tb2RlbC1zLmh0bWzSAQA?oc=5","New Teslas Won't Be Able to Play Steam Games  Edmunds.com","Thu, 23 May 2024 00:16:57 GMT"
"2024 Tesla Model 3 has improved features but Model Y is better option - Business Insider","https://news.google.com/rss/articles/CBMiYWh0dHBzOi8vd3d3LmJ1c2luZXNzaW5zaWRlci5jb20vMjAyNC10ZXNsYS1tb2RlbC0zLWltcHJvdmVkLWZlYXR1cmVzLW1vZGVsLXktYmV0dGVyLW9wdGlvbi0yMDI0LTTSAWVodHRwczovL3d3dy5idXNpbmVzc2luc2lkZXIuY29tLzIwMjQtdGVzbGEtbW9kZWwtMy1pbXByb3ZlZC1mZWF0dXJlcy1tb2RlbC15LWJldHRlci1vcHRpb24tMjAyNC00P2FtcA?oc=5","2024 Tesla Model 3 has improved features but Model Y is better option  Business Insider","Tue, 09 Apr 2024 07:00:00 GMT"
"Tesla cuts Model Y, X and S prices in the US and says it's ending the referral program - Engadget","https://news.google.com/rss/articles/CBMifGh0dHBzOi8vd3d3LmVuZ2FkZ2V0LmNvbS90ZXNsYS1jdXRzLW1vZGVsLXkteC1hbmQtcy1wcmljZXMtaW4tdGhlLXVzLWFuZC1zYXlzLWl0cy1lbmRpbmctdGhlLXJlZmVycmFsLXByb2dyYW0tMTcyMzExNjYyLmh0bWzSAQA?oc=5","Tesla cuts Model Y, X and S prices in the US and says it's ending the referral program  Engadget","Sat, 20 Apr 2024 07:00:00 GMT"
"Genesis GV80 luxury electric SUV is coming to take on Tesla Model Y and Porsche Macan EV - Electrek.co","https://news.google.com/rss/articles/CBMiXGh0dHBzOi8vZWxlY3RyZWsuY28vMjAyNC8wNS8yMS9nZW5lc2lzLWd2ODAtbHV4dXJ5LWVsZWN0cmljLXN1di1yaXZhbC10ZXNsYS1tb2RlbC15LXBvcnNjaGUv0gEA?oc=5","Genesis GV80 luxury electric SUV is coming to take on Tesla Model Y and Porsche Macan EV  Electrek.co","Tue, 21 May 2024 07:00:00 GMT"
"2024 Tesla Model Y vs. 2024 Polestar 2: Head-to-Head | U.S. News - U.S. News & World Report","https://news.google.com/rss/articles/CBMiRmh0dHBzOi8vY2Fycy51c25ld3MuY29tL2NhcnMtdHJ1Y2tzL2FkdmljZS90ZXNsYS1tb2RlbC15LXZzLXBvbGVzdGFyLTLSAQA?oc=5","2024 Tesla Model Y vs. 2024 Polestar 2: Head-to-Head | U.S. News  U.S. News & World Report","Tue, 20 Feb 2024 08:00:00 GMT"
"10 Biggest News Stories of the Week: Tesla Model X, Model Y Take Cheap Shots at Toyota Tacoma - Cars.com","https://news.google.com/rss/articles/CBMigQFodHRwczovL3d3dy5jYXJzLmNvbS9hcnRpY2xlcy8xMC1iaWdnZXN0LW5ld3Mtc3Rvcmllcy1vZi10aGUtd2Vlay10ZXNsYS1tb2RlbC14LW1vZGVsLXktdGFrZS1jaGVhcC1zaG90cy1hdC10b3lvdGEtdGFjb21hLTQ4MjA0OS_SAYUBaHR0cHM6Ly93d3cuY2Fycy5jb20vYW1wL2FydGljbGVzLzEwLWJpZ2dlc3QtbmV3cy1zdG9yaWVzLW9mLXRoZS13ZWVrLXRlc2xhLW1vZGVsLXgtbW9kZWwteS10YWtlLWNoZWFwLXNob3RzLWF0LXRveW90YS10YWNvbWEtNDgyMDQ5Lw?oc=5","10 Biggest News Stories of the Week: Tesla Model X, Model Y Take Cheap Shots at Toyota Tacoma  Cars.com","Wed, 01 May 2024 07:00:00 GMT"
"The Ford F-Series Massively Outsold The Tesla Model Y In The USA Last Year - The Autopian","https://news.google.com/rss/articles/CBMiZ2h0dHBzOi8vd3d3LnRoZWF1dG9waWFuLmNvbS90aGUtZm9yZC1mLXNlcmllcy1tYXNzaXZlbHktb3V0c29sZC10aGUtdGVzbGEtbW9kZWwteS1pbi10aGUtdXNhLWxhc3QteWVhci_SAQA?oc=5","The Ford F-Series Massively Outsold The Tesla Model Y In The USA Last Year  The Autopian","Fri, 15 Mar 2024 07:00:00 GMT"
"These are the best 2024 Memorial Day EV deals so far - Electrek.co","https://news.google.com/rss/articles/CBMiQWh0dHBzOi8vZWxlY3RyZWsuY28vMjAyNC8wNS8yMy9iZXN0LW1lbW9yaWFsLWRheS1ldi1kZWFscy1zby1mYXIv0gEA?oc=5","These are the best 2024 Memorial Day EV deals so far  Electrek.co","Thu, 23 May 2024 17:08:00 GMT"
"Review: Our unconventional review of the Tesla Model Y - The Globe and Mail","https://news.google.com/rss/articles/CBMiZWh0dHBzOi8vd3d3LnRoZWdsb2JlYW5kbWFpbC5jb20vZHJpdmUvcmV2aWV3cy9hcnRpY2xlLW91ci11bmNvbnZlbnRpb25hbC1yZXZpZXctb2YtdGhlLXRlc2xhLW1vZGVsLXkv0gEA?oc=5","Review: Our unconventional review of the Tesla Model Y  The Globe and Mail","Mon, 15 Jan 2024 08:00:00 GMT"
"Jeep's All-Electric Wagoneer S Beats Tesla Model Y Performance In Acceleration Test, Lags Behind Model X - Benzinga","https://news.google.com/rss/articles/CBMikQFodHRwczovL3d3dy5iZW56aW5nYS5jb20vbmV3cy8yNC8wNS8zOTAwNDM2OS9qZWVwcy1hbGwtZWxlY3RyaWMtd2Fnb25lZXItcy1iZWF0cy10ZXNsYS1tb2RlbC15LXBlcmZvcm1hbmNlLWluLWFjY2VsZXJhdGlvbi10ZXN0LWxhZ3MtYmVoaW5kLW1vZGVs0gEtaHR0cHM6Ly93d3cuYmVuemluZ2EuY29tL2FtcC9jb250ZW50LzM5MDA0MzY5?oc=5","Jeep's All-Electric Wagoneer S Beats Tesla Model Y Performance In Acceleration Test, Lags Behind Model X  Benzinga","Fri, 24 May 2024 10:29:47 GMT"
"Tesla hikes Model Y prices amid market shifts - CBT Automotive News","https://news.google.com/rss/articles/CBMiRmh0dHBzOi8vd3d3LmNidG5ld3MuY29tL3Rlc2xhLWhpa2VzLW1vZGVsLXktcHJpY2VzLWFtaWQtbWFya2V0LXNoaWZ0cy_SAQA?oc=5","Tesla hikes Model Y prices amid market shifts  CBT Automotive News","Fri, 01 Mar 2024 08:00:00 GMT"
"Jeep Wagoneer S Goes Up Against Tesla Model Y In New Teaser Video - CarBuzz","https://news.google.com/rss/articles/CBMiOmh0dHBzOi8vY2FyYnV6ei5jb20vamVlcC13YWdvbmVlci1zLWFnYWluc3QtdGVzbGEtbW9kZWwteS_SAQA?oc=5","Jeep Wagoneer S Goes Up Against Tesla Model Y In New Teaser Video  CarBuzz","Wed, 22 May 2024 19:34:00 GMT"
